file,x,y,w,h
../Imagens/UnetDataset/faca\results_pos\0_predict_resized.png,79,34,108,264
../Imagens/UnetDataset/faca\results_pos\100_predict_resized.png,98,49,27,232
../Imagens/UnetDataset/faca\results_pos\101_predict_resized.png,99,38,28,249
../Imagens/UnetDataset/faca\results_pos\102_predict_resized.png,93,22,42,265
../Imagens/UnetDataset/faca\results_pos\103_predict_resized.png,96,66,41,251
../Imagens/UnetDataset/faca\results_pos\104_predict_resized.png,95,45,46,263
../Imagens/UnetDataset/faca\results_pos\105_predict_resized.png,74,11,52,282
../Imagens/UnetDataset/faca\results_pos\106_predict_resized.png,84,9,54,279
../Imagens/UnetDataset/faca\results_pos\107_predict_resized.png,86,15,55,268
../Imagens/UnetDataset/faca\results_pos\108_predict_resized.png,79,35,108,263
../Imagens/UnetDataset/faca\results_pos\109_predict_resized.png,95,31,89,269
../Imagens/UnetDataset/faca\results_pos\10_predict_resized.png,94,54,32,247
../Imagens/UnetDataset/faca\results_pos\110_predict_resized.png,74,40,99,263
../Imagens/UnetDataset/faca\results_pos\111_predict_resized.png,97,44,38,239
../Imagens/UnetDataset/faca\results_pos\112_predict_resized.png,82,34,53,281
../Imagens/UnetDataset/faca\results_pos\113_predict_resized.png,95,42,39,244
../Imagens/UnetDataset/faca\results_pos\114_predict_resized.png,93,46,35,254
../Imagens/UnetDataset/faca\results_pos\115_predict_resized.png,103,38,26,251
../Imagens/UnetDataset/faca\results_pos\116_predict_resized.png,98,40,28,249
../Imagens/UnetDataset/faca\results_pos\117_predict_resized.png,82,16,32,295
../Imagens/UnetDataset/faca\results_pos\118_predict_resized.png,94,55,31,245
../Imagens/UnetDataset/faca\results_pos\119_predict_resized.png,100,33,32,277
../Imagens/UnetDataset/faca\results_pos\11_predict_resized.png,101,33,32,278
../Imagens/UnetDataset/faca\results_pos\120_predict_resized.png,105,43,28,255
../Imagens/UnetDataset/faca\results_pos\121_predict_resized.png,90,41,45,250
../Imagens/UnetDataset/faca\results_pos\122_predict_resized.png,98,19,31,254
../Imagens/UnetDataset/faca\results_pos\123_predict_resized.png,99,32,33,248
../Imagens/UnetDataset/faca\results_pos\124_predict_resized.png,79,49,31,234
../Imagens/UnetDataset/faca\results_pos\125_predict_resized.png,100,38,33,246
../Imagens/UnetDataset/faca\results_pos\126_predict_resized.png,92,30,32,270
../Imagens/UnetDataset/faca\results_pos\127_predict_resized.png,111,25,31,271
../Imagens/UnetDataset/faca\results_pos\128_predict_resized.png,101,25,34,285
../Imagens/UnetDataset/faca\results_pos\129_predict_resized.png,98,47,42,228
../Imagens/UnetDataset/faca\results_pos\12_predict_resized.png,106,43,27,257
../Imagens/UnetDataset/faca\results_pos\130_predict_resized.png,104,43,37,241
../Imagens/UnetDataset/faca\results_pos\131_predict_resized.png,106,46,35,232
../Imagens/UnetDataset/faca\results_pos\132_predict_resized.png,95,37,28,231
../Imagens/UnetDataset/faca\results_pos\133_predict_resized.png,99,297,1,3
../Imagens/UnetDataset/faca\results_pos\134_predict_resized.png,103,46,31,213
../Imagens/UnetDataset/faca\results_pos\135_predict_resized.png,83,35,28,271
../Imagens/UnetDataset/faca\results_pos\136_predict_resized.png,95,23,30,292
../Imagens/UnetDataset/faca\results_pos\137_predict_resized.png,101,41,27,269
../Imagens/UnetDataset/faca\results_pos\138_predict_resized.png,93,30,33,258
../Imagens/UnetDataset/faca\results_pos\139_predict_resized.png,87,59,41,235
../Imagens/UnetDataset/faca\results_pos\13_predict_resized.png,88,41,47,251
../Imagens/UnetDataset/faca\results_pos\140_predict_resized.png,93,43,28,243
../Imagens/UnetDataset/faca\results_pos\141_predict_resized.png,78,46,24,216
../Imagens/UnetDataset/faca\results_pos\142_predict_resized.png,98,52,26,225
../Imagens/UnetDataset/faca\results_pos\143_predict_resized.png,118,53,28,222
../Imagens/UnetDataset/faca\results_pos\144_predict_resized.png,39,16,110,287
../Imagens/UnetDataset/faca\results_pos\145_predict_resized.png,44,34,112,259
../Imagens/UnetDataset/faca\results_pos\146_predict_resized.png,49,30,109,255
../Imagens/UnetDataset/faca\results_pos\147_predict_resized.png,107,47,27,251
../Imagens/UnetDataset/faca\results_pos\148_predict_resized.png,93,27,34,252
../Imagens/UnetDataset/faca\results_pos\149_predict_resized.png,97,53,32,242
../Imagens/UnetDataset/faca\results_pos\14_predict_resized.png,98,18,31,256
../Imagens/UnetDataset/faca\results_pos\150_predict_resized.png,91,14,27,281
../Imagens/UnetDataset/faca\results_pos\151_predict_resized.png,112,49,25,261
../Imagens/UnetDataset/faca\results_pos\152_predict_resized.png,91,40,30,265
../Imagens/UnetDataset/faca\results_pos\153_predict_resized.png,103,45,28,268
../Imagens/UnetDataset/faca\results_pos\154_predict_resized.png,102,25,30,283
../Imagens/UnetDataset/faca\results_pos\155_predict_resized.png,112,39,26,264
../Imagens/UnetDataset/faca\results_pos\156_predict_resized.png,113,47,24,229
../Imagens/UnetDataset/faca\results_pos\157_predict_resized.png,107,79,21,198
../Imagens/UnetDataset/faca\results_pos\158_predict_resized.png,107,66,20,197
../Imagens/UnetDataset/faca\results_pos\159_predict_resized.png,101,17,34,254
../Imagens/UnetDataset/faca\results_pos\15_predict_resized.png,99,28,33,254
../Imagens/UnetDataset/faca\results_pos\160_predict_resized.png,83,261,23,44
../Imagens/UnetDataset/faca\results_pos\161_predict_resized.png,102,33,27,233
../Imagens/UnetDataset/faca\results_pos\162_predict_resized.png,97,5,34,289
../Imagens/UnetDataset/faca\results_pos\163_predict_resized.png,84,20,46,289
../Imagens/UnetDataset/faca\results_pos\164_predict_resized.png,96,27,33,293
../Imagens/UnetDataset/faca\results_pos\165_predict_resized.png,92,52,34,262
../Imagens/UnetDataset/faca\results_pos\166_predict_resized.png,81,64,30,216
../Imagens/UnetDataset/faca\results_pos\167_predict_resized.png,87,39,34,251
../Imagens/UnetDataset/faca\results_pos\168_predict_resized.png,85,52,31,242
../Imagens/UnetDataset/faca\results_pos\169_predict_resized.png,99,38,31,260
../Imagens/UnetDataset/faca\results_pos\16_predict_resized.png,79,22,31,262
../Imagens/UnetDataset/faca\results_pos\170_predict_resized.png,88,47,32,234
../Imagens/UnetDataset/faca\results_pos\171_predict_resized.png,104,19,28,286
../Imagens/UnetDataset/faca\results_pos\172_predict_resized.png,89,28,27,274
../Imagens/UnetDataset/faca\results_pos\173_predict_resized.png,86,15,31,305
../Imagens/UnetDataset/faca\results_pos\174_predict_resized.png,103,19,33,273
../Imagens/UnetDataset/faca\results_pos\175_predict_resized.png,102,47,30,242
../Imagens/UnetDataset/faca\results_pos\176_predict_resized.png,105,18,42,284
../Imagens/UnetDataset/faca\results_pos\177_predict_resized.png,104,43,26,239
../Imagens/UnetDataset/faca\results_pos\178_predict_resized.png,97,70,32,238
../Imagens/UnetDataset/faca\results_pos\179_predict_resized.png,110,72,36,217
../Imagens/UnetDataset/faca\results_pos\17_predict_resized.png,100,36,33,249
../Imagens/UnetDataset/faca\results_pos\180_predict_resized.png,88,0,46,288
../Imagens/UnetDataset/faca\results_pos\181_predict_resized.png,80,18,38,281
../Imagens/UnetDataset/faca\results_pos\182_predict_resized.png,91,23,34,273
../Imagens/UnetDataset/faca\results_pos\183_predict_resized.png,98,33,28,236
../Imagens/UnetDataset/faca\results_pos\184_predict_resized.png,86,43,36,238
../Imagens/UnetDataset/faca\results_pos\185_predict_resized.png,98,43,34,229
../Imagens/UnetDataset/faca\results_pos\186_predict_resized.png,92,62,37,224
../Imagens/UnetDataset/faca\results_pos\187_predict_resized.png,83,0,38,272
../Imagens/UnetDataset/faca\results_pos\188_predict_resized.png,90,46,38,236
../Imagens/UnetDataset/faca\results_pos\189_predict_resized.png,85,14,38,293
../Imagens/UnetDataset/faca\results_pos\18_predict_resized.png,92,31,33,269
../Imagens/UnetDataset/faca\results_pos\190_predict_resized.png,106,40,32,259
../Imagens/UnetDataset/faca\results_pos\191_predict_resized.png,101,23,31,279
../Imagens/UnetDataset/faca\results_pos\192_predict_resized.png,91,29,38,256
../Imagens/UnetDataset/faca\results_pos\193_predict_resized.png,90,52,35,255
../Imagens/UnetDataset/faca\results_pos\194_predict_resized.png,88,39,30,268
../Imagens/UnetDataset/faca\results_pos\195_predict_resized.png,82,0,57,266
../Imagens/UnetDataset/faca\results_pos\196_predict_resized.png,61,28,59,232
../Imagens/UnetDataset/faca\results_pos\197_predict_resized.png,79,0,64,261
../Imagens/UnetDataset/faca\results_pos\198_predict_resized.png,90,14,42,291
../Imagens/UnetDataset/faca\results_pos\199_predict_resized.png,111,23,36,272
../Imagens/UnetDataset/faca\results_pos\19_predict_resized.png,111,25,32,271
../Imagens/UnetDataset/faca\results_pos\1_predict_resized.png,95,31,89,269
../Imagens/UnetDataset/faca\results_pos\200_predict_resized.png,101,18,33,288
../Imagens/UnetDataset/faca\results_pos\201_predict_resized.png,91,22,33,256
../Imagens/UnetDataset/faca\results_pos\202_predict_resized.png,97,19,33,283
../Imagens/UnetDataset/faca\results_pos\203_predict_resized.png,85,16,34,269
../Imagens/UnetDataset/faca\results_pos\204_predict_resized.png,87,20,36,290
../Imagens/UnetDataset/faca\results_pos\205_predict_resized.png,93,18,30,286
../Imagens/UnetDataset/faca\results_pos\206_predict_resized.png,96,19,37,298
../Imagens/UnetDataset/faca\results_pos\207_predict_resized.png,97,43,28,259
../Imagens/UnetDataset/faca\results_pos\208_predict_resized.png,98,51,26,229
../Imagens/UnetDataset/faca\results_pos\209_predict_resized.png,99,39,27,248
../Imagens/UnetDataset/faca\results_pos\20_predict_resized.png,101,25,34,285
../Imagens/UnetDataset/faca\results_pos\210_predict_resized.png,94,23,40,260
../Imagens/UnetDataset/faca\results_pos\211_predict_resized.png,96,65,41,250
../Imagens/UnetDataset/faca\results_pos\212_predict_resized.png,96,46,44,259
../Imagens/UnetDataset/faca\results_pos\213_predict_resized.png,75,12,50,281
../Imagens/UnetDataset/faca\results_pos\214_predict_resized.png,85,12,53,276
../Imagens/UnetDataset/faca\results_pos\215_predict_resized.png,87,16,54,267
../Imagens/UnetDataset/faca\results_pos\216_predict_resized.png,79,35,108,263
../Imagens/UnetDataset/faca\results_pos\217_predict_resized.png,96,31,88,270
../Imagens/UnetDataset/faca\results_pos\218_predict_resized.png,74,40,99,264
../Imagens/UnetDataset/faca\results_pos\219_predict_resized.png,98,44,36,239
../Imagens/UnetDataset/faca\results_pos\21_predict_resized.png,98,46,42,230
../Imagens/UnetDataset/faca\results_pos\220_predict_resized.png,82,34,52,281
../Imagens/UnetDataset/faca\results_pos\221_predict_resized.png,95,42,39,245
../Imagens/UnetDataset/faca\results_pos\222_predict_resized.png,93,45,35,255
../Imagens/UnetDataset/faca\results_pos\223_predict_resized.png,103,38,25,251
../Imagens/UnetDataset/faca\results_pos\224_predict_resized.png,99,39,27,251
../Imagens/UnetDataset/faca\results_pos\225_predict_resized.png,82,19,32,292
../Imagens/UnetDataset/faca\results_pos\226_predict_resized.png,94,57,30,244
../Imagens/UnetDataset/faca\results_pos\227_predict_resized.png,100,34,31,277
../Imagens/UnetDataset/faca\results_pos\228_predict_resized.png,105,42,28,257
../Imagens/UnetDataset/faca\results_pos\229_predict_resized.png,90,42,44,249
../Imagens/UnetDataset/faca\results_pos\22_predict_resized.png,104,42,38,244
../Imagens/UnetDataset/faca\results_pos\230_predict_resized.png,99,21,29,252
../Imagens/UnetDataset/faca\results_pos\231_predict_resized.png,99,32,33,249
../Imagens/UnetDataset/faca\results_pos\232_predict_resized.png,79,52,31,231
../Imagens/UnetDataset/faca\results_pos\233_predict_resized.png,100,37,33,247
../Imagens/UnetDataset/faca\results_pos\234_predict_resized.png,93,31,31,269
../Imagens/UnetDataset/faca\results_pos\235_predict_resized.png,112,26,30,270
../Imagens/UnetDataset/faca\results_pos\236_predict_resized.png,101,26,33,284
../Imagens/UnetDataset/faca\results_pos\237_predict_resized.png,98,47,41,228
../Imagens/UnetDataset/faca\results_pos\238_predict_resized.png,105,43,36,242
../Imagens/UnetDataset/faca\results_pos\239_predict_resized.png,106,46,34,233
../Imagens/UnetDataset/faca\results_pos\23_predict_resized.png,106,45,35,234
../Imagens/UnetDataset/faca\results_pos\240_predict_resized.png,95,36,28,232
../Imagens/UnetDataset/faca\results_pos\241_predict_resized.png,105,35,29,271
../Imagens/UnetDataset/faca\results_pos\242_predict_resized.png,103,45,31,214
../Imagens/UnetDataset/faca\results_pos\243_predict_resized.png,82,35,29,269
../Imagens/UnetDataset/faca\results_pos\244_predict_resized.png,94,23,30,292
../Imagens/UnetDataset/faca\results_pos\245_predict_resized.png,100,42,28,267
../Imagens/UnetDataset/faca\results_pos\246_predict_resized.png,93,31,33,256
../Imagens/UnetDataset/faca\results_pos\247_predict_resized.png,87,60,40,233
../Imagens/UnetDataset/faca\results_pos\248_predict_resized.png,93,43,27,241
../Imagens/UnetDataset/faca\results_pos\249_predict_resized.png,78,46,23,216
../Imagens/UnetDataset/faca\results_pos\24_predict_resized.png,95,36,29,232
../Imagens/UnetDataset/faca\results_pos\250_predict_resized.png,98,52,26,226
../Imagens/UnetDataset/faca\results_pos\251_predict_resized.png,117,53,28,223
../Imagens/UnetDataset/faca\results_pos\252_predict_resized.png,39,16,110,289
../Imagens/UnetDataset/faca\results_pos\253_predict_resized.png,45,34,112,261
../Imagens/UnetDataset/faca\results_pos\254_predict_resized.png,50,30,115,257
../Imagens/UnetDataset/faca\results_pos\255_predict_resized.png,107,47,27,251
../Imagens/UnetDataset/faca\results_pos\256_predict_resized.png,93,27,33,252
../Imagens/UnetDataset/faca\results_pos\257_predict_resized.png,97,53,32,242
../Imagens/UnetDataset/faca\results_pos\258_predict_resized.png,91,14,27,284
../Imagens/UnetDataset/faca\results_pos\259_predict_resized.png,112,50,25,261
../Imagens/UnetDataset/faca\results_pos\25_predict_resized.png,104,35,30,272
../Imagens/UnetDataset/faca\results_pos\260_predict_resized.png,92,40,28,267
../Imagens/UnetDataset/faca\results_pos\261_predict_resized.png,103,46,27,270
../Imagens/UnetDataset/faca\results_pos\262_predict_resized.png,102,26,30,285
../Imagens/UnetDataset/faca\results_pos\263_predict_resized.png,112,40,26,266
../Imagens/UnetDataset/faca\results_pos\264_predict_resized.png,114,47,23,229
../Imagens/UnetDataset/faca\results_pos\265_predict_resized.png,107,78,21,199
../Imagens/UnetDataset/faca\results_pos\266_predict_resized.png,107,66,20,197
../Imagens/UnetDataset/faca\results_pos\267_predict_resized.png,101,18,33,255
../Imagens/UnetDataset/faca\results_pos\268_predict_resized.png,95,44,29,221
../Imagens/UnetDataset/faca\results_pos\269_predict_resized.png,102,34,27,233
../Imagens/UnetDataset/faca\results_pos\26_predict_resized.png,103,46,31,213
../Imagens/UnetDataset/faca\results_pos\270_predict_resized.png,97,6,34,293
../Imagens/UnetDataset/faca\results_pos\271_predict_resized.png,84,21,46,290
../Imagens/UnetDataset/faca\results_pos\272_predict_resized.png,96,28,34,292
../Imagens/UnetDataset/faca\results_pos\273_predict_resized.png,92,52,34,263
../Imagens/UnetDataset/faca\results_pos\274_predict_resized.png,81,64,30,217
../Imagens/UnetDataset/faca\results_pos\275_predict_resized.png,87,40,34,251
../Imagens/UnetDataset/faca\results_pos\276_predict_resized.png,85,53,31,243
../Imagens/UnetDataset/faca\results_pos\277_predict_resized.png,99,40,31,260
../Imagens/UnetDataset/faca\results_pos\278_predict_resized.png,89,47,31,236
../Imagens/UnetDataset/faca\results_pos\279_predict_resized.png,104,19,27,287
../Imagens/UnetDataset/faca\results_pos\27_predict_resized.png,84,36,28,272
../Imagens/UnetDataset/faca\results_pos\280_predict_resized.png,89,29,27,274
../Imagens/UnetDataset/faca\results_pos\281_predict_resized.png,86,17,31,303
../Imagens/UnetDataset/faca\results_pos\282_predict_resized.png,103,19,33,272
../Imagens/UnetDataset/faca\results_pos\283_predict_resized.png,102,47,30,242
../Imagens/UnetDataset/faca\results_pos\284_predict_resized.png,104,18,42,284
../Imagens/UnetDataset/faca\results_pos\285_predict_resized.png,104,41,32,247
../Imagens/UnetDataset/faca\results_pos\286_predict_resized.png,97,70,32,232
../Imagens/UnetDataset/faca\results_pos\287_predict_resized.png,110,72,28,219
../Imagens/UnetDataset/faca\results_pos\288_predict_resized.png,88,0,45,289
../Imagens/UnetDataset/faca\results_pos\289_predict_resized.png,80,19,36,281
../Imagens/UnetDataset/faca\results_pos\28_predict_resized.png,96,23,28,297
../Imagens/UnetDataset/faca\results_pos\290_predict_resized.png,92,24,31,273
../Imagens/UnetDataset/faca\results_pos\291_predict_resized.png,98,34,28,235
../Imagens/UnetDataset/faca\results_pos\292_predict_resized.png,86,44,36,238
../Imagens/UnetDataset/faca\results_pos\293_predict_resized.png,99,43,33,230
../Imagens/UnetDataset/faca\results_pos\294_predict_resized.png,93,62,37,238
../Imagens/UnetDataset/faca\results_pos\295_predict_resized.png,83,0,38,273
../Imagens/UnetDataset/faca\results_pos\296_predict_resized.png,90,47,38,249
../Imagens/UnetDataset/faca\results_pos\297_predict_resized.png,113,299,1,6
../Imagens/UnetDataset/faca\results_pos\298_predict_resized.png,105,40,32,259
../Imagens/UnetDataset/faca\results_pos\299_predict_resized.png,101,25,31,276
../Imagens/UnetDataset/faca\results_pos\29_predict_resized.png,100,42,28,269
../Imagens/UnetDataset/faca\results_pos\2_predict_resized.png,74,39,99,264
../Imagens/UnetDataset/faca\results_pos\300_predict_resized.png,91,29,31,257
../Imagens/UnetDataset/faca\results_pos\301_predict_resized.png,90,52,35,255
../Imagens/UnetDataset/faca\results_pos\302_predict_resized.png,87,40,31,269
../Imagens/UnetDataset/faca\results_pos\303_predict_resized.png,82,7,57,259
../Imagens/UnetDataset/faca\results_pos\304_predict_resized.png,61,29,60,232
../Imagens/UnetDataset/faca\results_pos\305_predict_resized.png,79,0,65,262
../Imagens/UnetDataset/faca\results_pos\306_predict_resized.png,90,14,42,291
../Imagens/UnetDataset/faca\results_pos\307_predict_resized.png,111,23,36,272
../Imagens/UnetDataset/faca\results_pos\308_predict_resized.png,101,18,33,288
../Imagens/UnetDataset/faca\results_pos\309_predict_resized.png,90,22,33,257
../Imagens/UnetDataset/faca\results_pos\30_predict_resized.png,91,27,35,283
../Imagens/UnetDataset/faca\results_pos\310_predict_resized.png,97,19,33,284
../Imagens/UnetDataset/faca\results_pos\311_predict_resized.png,85,16,34,270
../Imagens/UnetDataset/faca\results_pos\312_predict_resized.png,87,21,36,288
../Imagens/UnetDataset/faca\results_pos\313_predict_resized.png,92,19,31,279
../Imagens/UnetDataset/faca\results_pos\314_predict_resized.png,100,19,33,283
../Imagens/UnetDataset/faca\results_pos\315_predict_resized.png,98,49,27,253
../Imagens/UnetDataset/faca\results_pos\316_predict_resized.png,99,56,25,224
../Imagens/UnetDataset/faca\results_pos\317_predict_resized.png,99,41,27,246
../Imagens/UnetDataset/faca\results_pos\318_predict_resized.png,94,23,40,260
../Imagens/UnetDataset/faca\results_pos\319_predict_resized.png,96,66,41,249
../Imagens/UnetDataset/faca\results_pos\31_predict_resized.png,83,58,44,245
../Imagens/UnetDataset/faca\results_pos\320_predict_resized.png,96,46,44,261
../Imagens/UnetDataset/faca\results_pos\321_predict_resized.png,75,14,50,280
../Imagens/UnetDataset/faca\results_pos\322_predict_resized.png,85,13,52,275
../Imagens/UnetDataset/faca\results_pos\323_predict_resized.png,87,18,53,265
../Imagens/UnetDataset/faca\results_pos\324_predict_resized.png,79,35,108,263
../Imagens/UnetDataset/faca\results_pos\325_predict_resized.png,95,31,89,269
../Imagens/UnetDataset/faca\results_pos\326_predict_resized.png,74,39,99,264
../Imagens/UnetDataset/faca\results_pos\327_predict_resized.png,97,43,38,239
../Imagens/UnetDataset/faca\results_pos\328_predict_resized.png,81,34,54,280
../Imagens/UnetDataset/faca\results_pos\329_predict_resized.png,95,41,39,245
../Imagens/UnetDataset/faca\results_pos\32_predict_resized.png,87,42,34,273
../Imagens/UnetDataset/faca\results_pos\330_predict_resized.png,93,45,35,254
../Imagens/UnetDataset/faca\results_pos\331_predict_resized.png,103,38,26,250
../Imagens/UnetDataset/faca\results_pos\332_predict_resized.png,98,39,28,250
../Imagens/UnetDataset/faca\results_pos\333_predict_resized.png,82,16,32,295
../Imagens/UnetDataset/faca\results_pos\334_predict_resized.png,94,54,31,246
../Imagens/UnetDataset/faca\results_pos\335_predict_resized.png,100,33,32,277
../Imagens/UnetDataset/faca\results_pos\336_predict_resized.png,104,42,29,256
../Imagens/UnetDataset/faca\results_pos\337_predict_resized.png,90,40,44,251
../Imagens/UnetDataset/faca\results_pos\338_predict_resized.png,98,18,31,255
../Imagens/UnetDataset/faca\results_pos\339_predict_resized.png,99,30,32,250
../Imagens/UnetDataset/faca\results_pos\33_predict_resized.png,79,47,23,218
../Imagens/UnetDataset/faca\results_pos\340_predict_resized.png,79,37,31,246
../Imagens/UnetDataset/faca\results_pos\341_predict_resized.png,100,34,33,250
../Imagens/UnetDataset/faca\results_pos\342_predict_resized.png,93,31,31,268
../Imagens/UnetDataset/faca\results_pos\343_predict_resized.png,111,227,2,26
../Imagens/UnetDataset/faca\results_pos\344_predict_resized.png,101,25,33,285
../Imagens/UnetDataset/faca\results_pos\345_predict_resized.png,98,46,42,228
../Imagens/UnetDataset/faca\results_pos\346_predict_resized.png,104,42,37,242
../Imagens/UnetDataset/faca\results_pos\347_predict_resized.png,106,45,35,233
../Imagens/UnetDataset/faca\results_pos\348_predict_resized.png,95,36,28,231
../Imagens/UnetDataset/faca\results_pos\349_predict_resized.png,104,35,30,271
../Imagens/UnetDataset/faca\results_pos\34_predict_resized.png,98,52,26,228
../Imagens/UnetDataset/faca\results_pos\350_predict_resized.png,103,46,31,213
../Imagens/UnetDataset/faca\results_pos\351_predict_resized.png,82,35,29,270
../Imagens/UnetDataset/faca\results_pos\352_predict_resized.png,94,23,30,292
../Imagens/UnetDataset/faca\results_pos\353_predict_resized.png,101,41,27,269
../Imagens/UnetDataset/faca\results_pos\354_predict_resized.png,92,30,34,257
../Imagens/UnetDataset/faca\results_pos\355_predict_resized.png,87,59,40,235
../Imagens/UnetDataset/faca\results_pos\356_predict_resized.png,92,43,29,242
../Imagens/UnetDataset/faca\results_pos\357_predict_resized.png,78,47,23,215
../Imagens/UnetDataset/faca\results_pos\358_predict_resized.png,98,52,26,225
../Imagens/UnetDataset/faca\results_pos\359_predict_resized.png,117,53,28,222
../Imagens/UnetDataset/faca\results_pos\35_predict_resized.png,117,54,28,224
../Imagens/UnetDataset/faca\results_pos\360_predict_resized.png,37,16,112,286
../Imagens/UnetDataset/faca\results_pos\361_predict_resized.png,44,34,113,258
../Imagens/UnetDataset/faca\results_pos\362_predict_resized.png,49,29,110,255
../Imagens/UnetDataset/faca\results_pos\363_predict_resized.png,106,46,28,252
../Imagens/UnetDataset/faca\results_pos\364_predict_resized.png,92,27,34,251
../Imagens/UnetDataset/faca\results_pos\365_predict_resized.png,97,52,32,243
../Imagens/UnetDataset/faca\results_pos\366_predict_resized.png,90,12,28,283
../Imagens/UnetDataset/faca\results_pos\367_predict_resized.png,111,49,26,261
../Imagens/UnetDataset/faca\results_pos\368_predict_resized.png,91,39,29,266
../Imagens/UnetDataset/faca\results_pos\369_predict_resized.png,102,47,28,265
../Imagens/UnetDataset/faca\results_pos\36_predict_resized.png,37,16,113,286
../Imagens/UnetDataset/faca\results_pos\370_predict_resized.png,101,25,31,282
../Imagens/UnetDataset/faca\results_pos\371_predict_resized.png,111,40,27,262
../Imagens/UnetDataset/faca\results_pos\372_predict_resized.png,113,47,24,228
../Imagens/UnetDataset/faca\results_pos\373_predict_resized.png,106,78,22,199
../Imagens/UnetDataset/faca\results_pos\374_predict_resized.png,107,66,20,197
../Imagens/UnetDataset/faca\results_pos\375_predict_resized.png,101,16,34,255
../Imagens/UnetDataset/faca\results_pos\376_predict_resized.png,94,43,31,220
../Imagens/UnetDataset/faca\results_pos\377_predict_resized.png,101,32,28,234
../Imagens/UnetDataset/faca\results_pos\378_predict_resized.png,97,5,34,289
../Imagens/UnetDataset/faca\results_pos\379_predict_resized.png,84,20,46,287
../Imagens/UnetDataset/faca\results_pos\37_predict_resized.png,44,34,113,258
../Imagens/UnetDataset/faca\results_pos\380_predict_resized.png,96,27,34,291
../Imagens/UnetDataset/faca\results_pos\381_predict_resized.png,92,51,34,263
../Imagens/UnetDataset/faca\results_pos\382_predict_resized.png,81,64,30,216
../Imagens/UnetDataset/faca\results_pos\383_predict_resized.png,87,39,34,251
../Imagens/UnetDataset/faca\results_pos\384_predict_resized.png,85,52,30,242
../Imagens/UnetDataset/faca\results_pos\385_predict_resized.png,99,35,31,262
../Imagens/UnetDataset/faca\results_pos\386_predict_resized.png,88,46,32,235
../Imagens/UnetDataset/faca\results_pos\387_predict_resized.png,104,19,28,283
../Imagens/UnetDataset/faca\results_pos\388_predict_resized.png,88,28,28,273
../Imagens/UnetDataset/faca\results_pos\389_predict_resized.png,85,15,32,305
../Imagens/UnetDataset/faca\results_pos\38_predict_resized.png,48,29,112,255
../Imagens/UnetDataset/faca\results_pos\390_predict_resized.png,103,19,33,272
../Imagens/UnetDataset/faca\results_pos\391_predict_resized.png,102,47,30,241
../Imagens/UnetDataset/faca\results_pos\392_predict_resized.png,105,17,42,284
../Imagens/UnetDataset/faca\results_pos\393_predict_resized.png,104,43,26,239
../Imagens/UnetDataset/faca\results_pos\394_predict_resized.png,97,70,32,231
../Imagens/UnetDataset/faca\results_pos\395_predict_resized.png,109,72,29,217
../Imagens/UnetDataset/faca\results_pos\396_predict_resized.png,88,0,46,288
../Imagens/UnetDataset/faca\results_pos\397_predict_resized.png,80,18,37,280
../Imagens/UnetDataset/faca\results_pos\398_predict_resized.png,91,23,34,272
../Imagens/UnetDataset/faca\results_pos\399_predict_resized.png,98,33,28,235
../Imagens/UnetDataset/faca\results_pos\39_predict_resized.png,107,47,27,252
../Imagens/UnetDataset/faca\results_pos\3_predict_resized.png,97,44,38,239
../Imagens/UnetDataset/faca\results_pos\400_predict_resized.png,86,43,36,237
../Imagens/UnetDataset/faca\results_pos\401_predict_resized.png,98,43,34,228
../Imagens/UnetDataset/faca\results_pos\402_predict_resized.png,91,61,38,225
../Imagens/UnetDataset/faca\results_pos\403_predict_resized.png,84,0,37,272
../Imagens/UnetDataset/faca\results_pos\404_predict_resized.png,89,46,39,235
../Imagens/UnetDataset/faca\results_pos\405_predict_resized.png,85,14,38,292
../Imagens/UnetDataset/faca\results_pos\406_predict_resized.png,105,40,32,258
../Imagens/UnetDataset/faca\results_pos\407_predict_resized.png,101,25,31,276
../Imagens/UnetDataset/faca\results_pos\408_predict_resized.png,91,28,31,257
../Imagens/UnetDataset/faca\results_pos\409_predict_resized.png,89,51,36,256
../Imagens/UnetDataset/faca\results_pos\40_predict_resized.png,93,27,34,252
../Imagens/UnetDataset/faca\results_pos\410_predict_resized.png,87,39,35,269
../Imagens/UnetDataset/faca\results_pos\411_predict_resized.png,82,0,57,266
../Imagens/UnetDataset/faca\results_pos\412_predict_resized.png,60,28,60,232
../Imagens/UnetDataset/faca\results_pos\413_predict_resized.png,78,0,65,261
../Imagens/UnetDataset/faca\results_pos\414_predict_resized.png,90,14,42,291
../Imagens/UnetDataset/faca\results_pos\415_predict_resized.png,111,23,36,272
../Imagens/UnetDataset/faca\results_pos\416_predict_resized.png,101,18,33,288
../Imagens/UnetDataset/faca\results_pos\417_predict_resized.png,90,22,34,255
../Imagens/UnetDataset/faca\results_pos\418_predict_resized.png,96,18,34,283
../Imagens/UnetDataset/faca\results_pos\419_predict_resized.png,85,15,34,268
../Imagens/UnetDataset/faca\results_pos\41_predict_resized.png,97,53,33,242
../Imagens/UnetDataset/faca\results_pos\420_predict_resized.png,87,19,36,285
../Imagens/UnetDataset/faca\results_pos\421_predict_resized.png,92,18,31,278
../Imagens/UnetDataset/faca\results_pos\422_predict_resized.png,99,18,34,279
../Imagens/UnetDataset/faca\results_pos\423_predict_resized.png,97,41,28,260
../Imagens/UnetDataset/faca\results_pos\424_predict_resized.png,98,49,26,231
../Imagens/UnetDataset/faca\results_pos\425_predict_resized.png,98,37,28,249
../Imagens/UnetDataset/faca\results_pos\426_predict_resized.png,93,22,41,260
../Imagens/UnetDataset/faca\results_pos\427_predict_resized.png,96,65,41,249
../Imagens/UnetDataset/faca\results_pos\428_predict_resized.png,95,45,45,259
../Imagens/UnetDataset/faca\results_pos\429_predict_resized.png,74,11,51,281
../Imagens/UnetDataset/faca\results_pos\42_predict_resized.png,90,10,28,286
../Imagens/UnetDataset/faca\results_pos\430_predict_resized.png,85,10,52,277
../Imagens/UnetDataset/faca\results_pos\431_predict_resized.png,87,16,53,265
../Imagens/UnetDataset/faca\results_pos\432_predict_resized.png,79,35,108,263
../Imagens/UnetDataset/faca\results_pos\433_predict_resized.png,94,31,90,269
../Imagens/UnetDataset/faca\results_pos\434_predict_resized.png,74,40,99,263
../Imagens/UnetDataset/faca\results_pos\435_predict_resized.png,97,44,38,239
../Imagens/UnetDataset/faca\results_pos\436_predict_resized.png,82,34,53,280
../Imagens/UnetDataset/faca\results_pos\437_predict_resized.png,95,42,39,244
../Imagens/UnetDataset/faca\results_pos\438_predict_resized.png,93,45,35,255
../Imagens/UnetDataset/faca\results_pos\439_predict_resized.png,103,38,26,250
../Imagens/UnetDataset/faca\results_pos\43_predict_resized.png,112,49,26,261
../Imagens/UnetDataset/faca\results_pos\440_predict_resized.png,99,39,27,250
../Imagens/UnetDataset/faca\results_pos\441_predict_resized.png,82,16,32,295
../Imagens/UnetDataset/faca\results_pos\442_predict_resized.png,94,55,31,245
../Imagens/UnetDataset/faca\results_pos\443_predict_resized.png,100,33,32,277
../Imagens/UnetDataset/faca\results_pos\444_predict_resized.png,105,42,28,256
../Imagens/UnetDataset/faca\results_pos\445_predict_resized.png,90,40,45,251
../Imagens/UnetDataset/faca\results_pos\446_predict_resized.png,98,18,31,255
../Imagens/UnetDataset/faca\results_pos\447_predict_resized.png,99,30,33,250
../Imagens/UnetDataset/faca\results_pos\448_predict_resized.png,79,23,31,260
../Imagens/UnetDataset/faca\results_pos\449_predict_resized.png,100,35,33,249
../Imagens/UnetDataset/faca\results_pos\44_predict_resized.png,91,39,30,266
../Imagens/UnetDataset/faca\results_pos\450_predict_resized.png,93,31,32,268
../Imagens/UnetDataset/faca\results_pos\451_predict_resized.png,111,25,32,270
../Imagens/UnetDataset/faca\results_pos\452_predict_resized.png,101,25,34,285
../Imagens/UnetDataset/faca\results_pos\453_predict_resized.png,98,46,42,229
../Imagens/UnetDataset/faca\results_pos\454_predict_resized.png,104,43,38,241
../Imagens/UnetDataset/faca\results_pos\455_predict_resized.png,106,45,35,233
../Imagens/UnetDataset/faca\results_pos\456_predict_resized.png,95,36,29,231
../Imagens/UnetDataset/faca\results_pos\457_predict_resized.png,104,35,30,271
../Imagens/UnetDataset/faca\results_pos\458_predict_resized.png,103,46,31,213
../Imagens/UnetDataset/faca\results_pos\459_predict_resized.png,82,35,30,271
../Imagens/UnetDataset/faca\results_pos\45_predict_resized.png,102,48,29,264
../Imagens/UnetDataset/faca\results_pos\460_predict_resized.png,95,23,31,292
../Imagens/UnetDataset/faca\results_pos\461_predict_resized.png,101,42,27,268
../Imagens/UnetDataset/faca\results_pos\462_predict_resized.png,92,30,34,257
../Imagens/UnetDataset/faca\results_pos\463_predict_resized.png,87,59,40,235
../Imagens/UnetDataset/faca\results_pos\464_predict_resized.png,93,43,28,242
../Imagens/UnetDataset/faca\results_pos\465_predict_resized.png,78,46,23,216
../Imagens/UnetDataset/faca\results_pos\466_predict_resized.png,98,52,26,225
../Imagens/UnetDataset/faca\results_pos\467_predict_resized.png,118,53,28,222
../Imagens/UnetDataset/faca\results_pos\468_predict_resized.png,38,16,112,286
../Imagens/UnetDataset/faca\results_pos\469_predict_resized.png,44,34,113,259
../Imagens/UnetDataset/faca\results_pos\46_predict_resized.png,101,26,31,281
../Imagens/UnetDataset/faca\results_pos\470_predict_resized.png,49,29,111,255
../Imagens/UnetDataset/faca\results_pos\471_predict_resized.png,107,47,27,252
../Imagens/UnetDataset/faca\results_pos\472_predict_resized.png,93,27,34,252
../Imagens/UnetDataset/faca\results_pos\473_predict_resized.png,97,53,32,242
../Imagens/UnetDataset/faca\results_pos\474_predict_resized.png,91,12,27,284
../Imagens/UnetDataset/faca\results_pos\475_predict_resized.png,112,49,25,261
../Imagens/UnetDataset/faca\results_pos\476_predict_resized.png,91,39,30,266
../Imagens/UnetDataset/faca\results_pos\477_predict_resized.png,103,47,28,266
../Imagens/UnetDataset/faca\results_pos\478_predict_resized.png,102,25,30,282
../Imagens/UnetDataset/faca\results_pos\479_predict_resized.png,111,40,28,262
../Imagens/UnetDataset/faca\results_pos\47_predict_resized.png,111,43,28,259
../Imagens/UnetDataset/faca\results_pos\480_predict_resized.png,113,47,24,228
../Imagens/UnetDataset/faca\results_pos\481_predict_resized.png,106,79,22,198
../Imagens/UnetDataset/faca\results_pos\482_predict_resized.png,107,66,20,197
../Imagens/UnetDataset/faca\results_pos\483_predict_resized.png,101,16,34,255
../Imagens/UnetDataset/faca\results_pos\484_predict_resized.png,95,43,30,220
../Imagens/UnetDataset/faca\results_pos\485_predict_resized.png,102,33,27,233
../Imagens/UnetDataset/faca\results_pos\486_predict_resized.png,97,5,34,289
../Imagens/UnetDataset/faca\results_pos\487_predict_resized.png,84,20,46,287
../Imagens/UnetDataset/faca\results_pos\488_predict_resized.png,95,27,35,291
../Imagens/UnetDataset/faca\results_pos\489_predict_resized.png,92,52,34,262
../Imagens/UnetDataset/faca\results_pos\48_predict_resized.png,113,49,24,228
../Imagens/UnetDataset/faca\results_pos\490_predict_resized.png,81,64,30,216
../Imagens/UnetDataset/faca\results_pos\491_predict_resized.png,87,39,34,252
../Imagens/UnetDataset/faca\results_pos\492_predict_resized.png,85,52,31,242
../Imagens/UnetDataset/faca\results_pos\493_predict_resized.png,99,38,31,259
../Imagens/UnetDataset/faca\results_pos\494_predict_resized.png,88,47,32,234
../Imagens/UnetDataset/faca\results_pos\495_predict_resized.png,104,19,28,284
../Imagens/UnetDataset/faca\results_pos\496_predict_resized.png,89,29,27,273
../Imagens/UnetDataset/faca\results_pos\497_predict_resized.png,86,16,31,304
../Imagens/UnetDataset/faca\results_pos\498_predict_resized.png,103,19,33,273
../Imagens/UnetDataset/faca\results_pos\499_predict_resized.png,102,47,30,242
../Imagens/UnetDataset/faca\results_pos\49_predict_resized.png,106,80,22,199
../Imagens/UnetDataset/faca\results_pos\4_predict_resized.png,82,34,53,281
../Imagens/UnetDataset/faca\results_pos\500_predict_resized.png,105,17,42,285
../Imagens/UnetDataset/faca\results_pos\501_predict_resized.png,104,43,26,241
../Imagens/UnetDataset/faca\results_pos\502_predict_resized.png,97,70,32,237
../Imagens/UnetDataset/faca\results_pos\503_predict_resized.png,109,72,29,217
../Imagens/UnetDataset/faca\results_pos\504_predict_resized.png,88,0,46,288
../Imagens/UnetDataset/faca\results_pos\505_predict_resized.png,80,18,38,280
../Imagens/UnetDataset/faca\results_pos\506_predict_resized.png,92,23,33,272
../Imagens/UnetDataset/faca\results_pos\507_predict_resized.png,98,33,28,235
../Imagens/UnetDataset/faca\results_pos\508_predict_resized.png,86,43,36,238
../Imagens/UnetDataset/faca\results_pos\509_predict_resized.png,98,43,34,229
../Imagens/UnetDataset/faca\results_pos\50_predict_resized.png,107,67,20,198
../Imagens/UnetDataset/faca\results_pos\510_predict_resized.png,92,210,2,5
../Imagens/UnetDataset/faca\results_pos\511_predict_resized.png,84,0,37,272
../Imagens/UnetDataset/faca\results_pos\512_predict_resized.png,102,46,26,235
../Imagens/UnetDataset/faca\results_pos\513_predict_resized.png,85,14,38,293
../Imagens/UnetDataset/faca\results_pos\514_predict_resized.png,105,40,33,259
../Imagens/UnetDataset/faca\results_pos\515_predict_resized.png,101,24,32,278
../Imagens/UnetDataset/faca\results_pos\516_predict_resized.png,91,29,38,256
../Imagens/UnetDataset/faca\results_pos\517_predict_resized.png,90,52,35,255
../Imagens/UnetDataset/faca\results_pos\518_predict_resized.png,87,39,31,269
../Imagens/UnetDataset/faca\results_pos\519_predict_resized.png,82,0,57,265
../Imagens/UnetDataset/faca\results_pos\51_predict_resized.png,101,16,35,255
../Imagens/UnetDataset/faca\results_pos\520_predict_resized.png,61,28,60,232
../Imagens/UnetDataset/faca\results_pos\521_predict_resized.png,78,0,65,261
../Imagens/UnetDataset/faca\results_pos\522_predict_resized.png,90,14,42,291
../Imagens/UnetDataset/faca\results_pos\523_predict_resized.png,111,23,36,272
../Imagens/UnetDataset/faca\results_pos\524_predict_resized.png,101,18,33,288
../Imagens/UnetDataset/faca\results_pos\525_predict_resized.png,90,22,34,256
../Imagens/UnetDataset/faca\results_pos\526_predict_resized.png,97,18,33,283
../Imagens/UnetDataset/faca\results_pos\527_predict_resized.png,85,15,34,269
../Imagens/UnetDataset/faca\results_pos\528_predict_resized.png,87,19,36,286
../Imagens/UnetDataset/faca\results_pos\529_predict_resized.png,93,17,30,280
../Imagens/UnetDataset/faca\results_pos\52_predict_resized.png,95,42,30,221
../Imagens/UnetDataset/faca\results_pos\530_predict_resized.png,99,17,34,280
../Imagens/UnetDataset/faca\results_pos\531_predict_resized.png,97,42,28,259
../Imagens/UnetDataset/faca\results_pos\532_predict_resized.png,98,49,26,231
../Imagens/UnetDataset/faca\results_pos\533_predict_resized.png,99,37,27,250
../Imagens/UnetDataset/faca\results_pos\534_predict_resized.png,94,23,41,259
../Imagens/UnetDataset/faca\results_pos\535_predict_resized.png,96,65,41,250
../Imagens/UnetDataset/faca\results_pos\536_predict_resized.png,96,46,44,259
../Imagens/UnetDataset/faca\results_pos\537_predict_resized.png,74,12,51,280
../Imagens/UnetDataset/faca\results_pos\538_predict_resized.png,85,11,53,276
../Imagens/UnetDataset/faca\results_pos\539_predict_resized.png,87,16,54,265
../Imagens/UnetDataset/faca\results_pos\53_predict_resized.png,102,32,28,234
../Imagens/UnetDataset/faca\results_pos\54_predict_resized.png,96,5,35,289
../Imagens/UnetDataset/faca\results_pos\55_predict_resized.png,84,20,46,288
../Imagens/UnetDataset/faca\results_pos\56_predict_resized.png,95,27,35,291
../Imagens/UnetDataset/faca\results_pos\57_predict_resized.png,92,51,34,265
../Imagens/UnetDataset/faca\results_pos\58_predict_resized.png,81,64,30,217
../Imagens/UnetDataset/faca\results_pos\59_predict_resized.png,87,39,34,254
../Imagens/UnetDataset/faca\results_pos\5_predict_resized.png,95,42,39,245
../Imagens/UnetDataset/faca\results_pos\60_predict_resized.png,84,53,31,241
../Imagens/UnetDataset/faca\results_pos\61_predict_resized.png,95,31,35,270
../Imagens/UnetDataset/faca\results_pos\62_predict_resized.png,89,47,31,234
../Imagens/UnetDataset/faca\results_pos\63_predict_resized.png,103,18,29,286
../Imagens/UnetDataset/faca\results_pos\64_predict_resized.png,88,30,28,272
../Imagens/UnetDataset/faca\results_pos\65_predict_resized.png,85,17,32,303
../Imagens/UnetDataset/faca\results_pos\66_predict_resized.png,103,16,33,285
../Imagens/UnetDataset/faca\results_pos\67_predict_resized.png,102,46,30,247
../Imagens/UnetDataset/faca\results_pos\68_predict_resized.png,105,15,42,297
../Imagens/UnetDataset/faca\results_pos\69_predict_resized.png,104,44,26,240
../Imagens/UnetDataset/faca\results_pos\6_predict_resized.png,93,44,36,257
../Imagens/UnetDataset/faca\results_pos\70_predict_resized.png,97,71,32,240
../Imagens/UnetDataset/faca\results_pos\71_predict_resized.png,109,72,29,228
../Imagens/UnetDataset/faca\results_pos\72_predict_resized.png,88,0,46,288
../Imagens/UnetDataset/faca\results_pos\73_predict_resized.png,80,17,38,282
../Imagens/UnetDataset/faca\results_pos\74_predict_resized.png,92,23,34,272
../Imagens/UnetDataset/faca\results_pos\75_predict_resized.png,98,33,28,236
../Imagens/UnetDataset/faca\results_pos\76_predict_resized.png,86,43,36,237
../Imagens/UnetDataset/faca\results_pos\77_predict_resized.png,98,43,34,228
../Imagens/UnetDataset/faca\results_pos\78_predict_resized.png,104,60,25,227
../Imagens/UnetDataset/faca\results_pos\79_predict_resized.png,83,0,38,272
../Imagens/UnetDataset/faca\results_pos\7_predict_resized.png,103,38,25,253
../Imagens/UnetDataset/faca\results_pos\80_predict_resized.png,101,46,27,236
../Imagens/UnetDataset/faca\results_pos\81_predict_resized.png,85,14,38,293
../Imagens/UnetDataset/faca\results_pos\82_predict_resized.png,105,41,33,258
../Imagens/UnetDataset/faca\results_pos\83_predict_resized.png,101,25,31,277
../Imagens/UnetDataset/faca\results_pos\84_predict_resized.png,91,30,31,257
../Imagens/UnetDataset/faca\results_pos\85_predict_resized.png,90,52,35,257
../Imagens/UnetDataset/faca\results_pos\86_predict_resized.png,87,41,32,269
../Imagens/UnetDataset/faca\results_pos\87_predict_resized.png,82,0,57,266
../Imagens/UnetDataset/faca\results_pos\88_predict_resized.png,61,28,60,232
../Imagens/UnetDataset/faca\results_pos\89_predict_resized.png,78,0,65,261
../Imagens/UnetDataset/faca\results_pos\8_predict_resized.png,98,39,28,252
../Imagens/UnetDataset/faca\results_pos\90_predict_resized.png,90,14,43,291
../Imagens/UnetDataset/faca\results_pos\91_predict_resized.png,111,24,36,272
../Imagens/UnetDataset/faca\results_pos\92_predict_resized.png,101,18,33,288
../Imagens/UnetDataset/faca\results_pos\93_predict_resized.png,90,22,34,258
../Imagens/UnetDataset/faca\results_pos\94_predict_resized.png,97,17,33,286
../Imagens/UnetDataset/faca\results_pos\95_predict_resized.png,85,14,34,272
../Imagens/UnetDataset/faca\results_pos\96_predict_resized.png,87,0,36,313
../Imagens/UnetDataset/faca\results_pos\97_predict_resized.png,90,0,33,314
../Imagens/UnetDataset/faca\results_pos\98_predict_resized.png,94,0,39,318
../Imagens/UnetDataset/faca\results_pos\99_predict_resized.png,97,51,28,251
../Imagens/UnetDataset/faca\results_pos\9_predict_resized.png,83,14,32,297
